catalog_page,motor_hp,gear_unit_size,model_type,output_rpm,output_torque_lb_in,service_factor_cat,total_ratio,worm_ratio,second_ratio,ohl_lb,ohl_flange_unit_lb,approx_weight_lb,config_page,dim_page
B46,0.16,SI31,SK 1SI31 - 56C - 63S/4,17,196,0.9,100.0,100.0,,405.0,232.0,11.0,79,94
B46,0.16,SI31,SK 1SI31 - 56C - 63S/4,21,177,1.1,80.0,80.0,,405.0,232.0,11.0,79,94
B46,0.16,SI31,SK 1SI31 - 56C - 63S/4,28,154,1.4,60.0,60.0,,405.0,232.0,11.0,79,94
B46,0.16,SI31,SK 1SI31 - 56C - 63S/4,34,140,1.6,50.0,50.0,,405.0,234.0,11.0,79,94
B46,0.16,SI31,SK 1SI31 - 56C - 63S/4,43,122,2.0,40.0,40.0,,405.0,234.0,11.0,79,94
B46,0.16,SI31,SK 1SI31 - 56C - 63S/4,57,100,2.6,30.0,30.0,,405.0,234.0,11.0,79,94
B46,0.16,SI31,SK 1SI31 - 56C - 63S/4,68,97,2.3,25.0,25.0,,405.0,234.0,11.0,79,94
B46,0.16,SI31,SK 1SI31 - 56C - 63S/4,85,81,2.9,20.0,20.0,,401.0,234.0,11.0,79,94
B46,0.16,SI31,SK 1SI31 - 56C - 63S/4,113,64,4.0,15.0,15.0,,367.0,234.0,11.0,79,94
B46,0.16,SI31,SK 1SI31 - 56C - 63S/4,136,60,3.6,12.5,12.5,,344.0,234.0,11.0,79,94
B46,0.16,SI31,SK 1SI31 - 56C - 63S/4,170,48,4.8,10.0,10.0,,322.0,225.0,11.0,79,94
B46,0.16,SI31,SK 1SI31 - 56C - 63S/4,227,37,6.4,7.5,7.5,,295.0,205.0,11.0,79,94
B46,0.16,SI31,SK 1SI31 - 56C - 63S/4,340,26,7.8,5.0,5.0,,259.0,180.0,11.0,79,94
B48,0.16,SI40,SK 1SI40/31 - 56C - 63S/4,0,1062,0.8,1800.0,30.0,60.0,720.0,353.0,16.0,81,116
B48,0.16,SI40,SK 1SI40/31 - 56C - 63S/4,0,1084,0.8,2400.0,30.0,80.0,720.0,351.0,16.0,81,116
B48,0.16,SI40,SK 1SI40/31 - 56C - 63S/4,0,1095,0.8,3000.0,30.0,100.0,720.0,349.0,16.0,81,116
B47,0.16,SI40,SK 1SI40/H10 - 56C - 63S/4,1,608,0.8,1000.0,100.0,10.0,720.0,396.0,15.0,81,114
B48,0.16,SI40,SK 1SI40/31 - 56C - 63S/4,1,996,0.8,900.0,30.0,30.0,720.0,362.0,16.0,81,116
B48,0.16,SI40,SK 1SI40/31 - 56C - 63S/4,1,1029,0.8,1200.0,30.0,40.0,720.0,358.0,16.0,81,116
B48,0.16,SI40,SK 1SI40/31 - 56C - 63S/4,1,1051,0.8,1500.0,30.0,50.0,720.0,356.0,16.0,81,116
B47,0.16,SI40,SK 1SI40/H10 - 56C - 63S/4,2,664,0.8,800.0,80.0,10.0,720.0,392.0,15.0,81,114
B47,0.16,SI40,SK 1SI40/H10 - 56C - 63S/4,2,730,0.8,600.0,60.0,10.0,720.0,387.0,15.0,81,114
B48,0.16,SI40,SK 1SI40/31 - 56C - 63S/4,2,962,0.8,600.0,30.0,20.0,720.0,365.0,16.0,81,116
B48,0.16,SI40,SK 1SI40/31 - 56C - 63S/4,2,974,0.8,750.0,30.0,25.0,720.0,365.0,16.0,81,116
B47,0.16,SI40,SK 1SI40/H10 - 56C - 63S/4,3,774,0.8,500.0,50.0,10.0,720.0,383.0,15.0,81,114
B48,0.16,SI40,SK 1SI40/31 - 56C - 63S/4,3,859,0.9,450.0,30.0,15.0,720.0,376.0,16.0,81,116
B48,0.16,SI40,SK 1SI40/31 - 56C - 63S/4,4,716,1.0,375.0,30.0,12.5,720.0,389.0,16.0,81,116
B47,0.16,SI40,SK 1SI40/H10 - 56C - 63S/4,4,830,0.8,400.0,40.0,10.0,720.0,378.0,15.0,81,114
B48,0.16,SI40,SK 1SI40/31 - 56C - 63S/4,5,662,1.1,300.0,30.0,10.0,720.0,392.0,16.0,81,116
B47,0.16,SI40,SK 1SI40/H10 - 56C - 63S/4,5,823,0.9,300.0,30.0,10.0,720.0,380.0,15.0,81,114
B47,0.16,SI40,SK 1SI40/H10 - 56C - 63S/4,6,763,0.8,250.0,25.0,10.0,720.0,385.0,15.0,81,114
B48,0.16,SI40,SK 1SI40/31 - 56C - 63S/4,7,524,1.3,225.0,30.0,7.5,720.0,401.0,16.0,81,116
B47,0.16,SI40,SK 1SI40/H10 - 56C - 63S/4,8,704,0.9,200.0,20.0,10.0,720.0,389.0,15.0,81,114
B48,0.16,SI40,SK 1SI40/31 - 56C - 63S/4,11,376,1.7,150.0,30.0,5.0,720.0,407.0,16.0,81,116
B47,0.16,SI40,SK 1SI40/H10 - 56C - 63S/4,11,573,1.2,150.0,15.0,10.0,720.0,398.0,15.0,81,114
B47,0.16,SI40,SK 1SI40/H10 - 56C - 63S/4,14,544,1.1,125.0,12.5,10.0,720.0,401.0,15.0,81,114
B46,0.16,SI40,SK 1SI40 - 56C - 63S/4,17,221,1.4,100.0,100.0,,720.0,412.0,13.0,81,98
B47,0.16,SI40,SK 1SI40/H10 - 56C - 63S/4,17,436,1.4,100.0,10.0,10.0,720.0,405.0,15.0,81,114
B46,0.16,SI40,SK 1SI40 - 56C - 63S/4,21,200,1.6,80.0,80.0,,720.0,414.0,13.0,81,98
B47,0.16,SI40,SK 1SI40/H10 - 56C - 63S/4,23,340,1.9,75.0,7.5,10.0,720.0,410.0,15.0,81,114
B46,0.16,SI40,SK 1SI40 - 56C - 63S/4,28,172,2.1,60.0,60.0,,720.0,414.0,13.0,81,98
B46,0.16,SI40,SK 1SI40 - 56C - 63S/4,34,155,2.5,50.0,50.0,,720.0,414.0,13.0,81,98
B47,0.16,SI40,SK 1SI40/H10 - 56C - 63S/4,34,242,2.3,50.0,5.0,10.0,720.0,412.0,15.0,81,114
B46,0.16,SI40,SK 1SI40 - 56C - 63S/4,43,134,3.0,40.0,40.0,,720.0,414.0,13.0,81,98
B46,0.16,SI40,SK 1SI40 - 56C - 63S/4,57,109,4.1,30.0,30.0,,720.0,414.0,13.0,81,98
B46,0.16,SI40,SK 1SI40 - 56C - 63S/4,68,103,3.6,25.0,25.0,,720.0,414.0,13.0,81,98
B46,0.16,SI40,SK 1SI40 - 56C - 63S/4,85,86,4.6,20.0,20.0,,720.0,414.0,13.0,81,98
B46,0.16,SI40,SK 1SI40 - 56C - 63S/4,113,68,6.4,15.0,15.0,,720.0,414.0,13.0,81,98
B46,0.16,SI40,SK 1SI40 - 56C - 63S/4,136,60,6.1,12.5,12.5,,720.0,414.0,13.0,81,98
B46,0.16,SI40,SK 1SI40 - 56C - 63S/4,170,50,7.5,10.0,10.0,,720.0,414.0,13.0,81,98
B46,0.16,SI40,SK 1SI40 - 56C - 63S/4,227,38,10.2,7.5,7.5,,693.0,416.0,13.0,81,98
B46,0.16,SI40,SK 1SI40 - 56C - 63S/4,340,27,12.7,5.0,5.0,,608.0,416.0,13.0,81,98
B48,0.16,SI50,SK 1SI50/31 - 56C - 63S/4,0,1914,0.8,1800.0,30.0,60.0,1080.0,776.0,20.0,83,116
B48,0.16,SI50,SK 1SI50/31 - 56C - 63S/4,0,1947,0.8,2400.0,30.0,80.0,1080.0,774.0,20.0,83,116
B48,0.16,SI50,SK 1SI50/31 - 56C - 63S/4,0,1969,0.8,3000.0,30.0,100.0,1080.0,772.0,20.0,83,116
B47,0.16,SI50,SK 1SI50/H10 - 56C - 63S/4,1,1117,0.8,1000.0,100.0,10.0,1080.0,821.0,18.0,83,114
B48,0.16,SI50,SK 1SI50/31 - 56C - 63S/4,1,1342,1.1,900.0,30.0,30.0,1080.0,810.0,20.0,83,116
B48,0.16,SI50,SK 1SI50/31 - 56C - 63S/4,1,1647,0.9,1200.0,30.0,40.0,1080.0,794.0,20.0,83,116
B48,0.16,SI50,SK 1SI50/31 - 56C - 63S/4,1,1892,0.8,1500.0,30.0,50.0,1080.0,779.0,20.0,83,116
B48,0.16,SI50,SK 1SI50/31 - 56C - 63S/4,2,1110,1.2,600.0,30.0,20.0,1080.0,821.0,20.0,83,116
B47,0.16,SI50,SK 1SI50/H10 - 56C - 63S/4,2,1195,0.8,800.0,80.0,10.0,1080.0,817.0,18.0,83,114
B48,0.16,SI50,SK 1SI50/31 - 56C - 63S/4,2,1298,1.1,750.0,30.0,25.0,1080.0,812.0,20.0,83,116
B47,0.16,SI50,SK 1SI50/H10 - 56C - 63S/4,2,1305,0.8,600.0,60.0,10.0,1080.0,812.0,18.0,83,114
B48,0.16,SI50,SK 1SI50/31 - 56C - 63S/4,3,913,1.5,450.0,30.0,15.0,1080.0,828.0,20.0,83,116
B47,0.16,SI50,SK 1SI50/H10 - 56C - 63S/4,3,1193,0.9,500.0,50.0,10.0,1080.0,817.0,18.0,83,114
B48,0.16,SI50,SK 1SI50/31 - 56C - 63S/4,4,716,1.8,375.0,30.0,12.5,1080.0,835.0,20.0,83,116
B47,0.16,SI50,SK 1SI50/H10 - 56C - 63S/4,4,1050,1.1,400.0,40.0,10.0,1080.0,824.0,18.0,83,114
B48,0.16,SI50,SK 1SI50/31 - 56C - 63S/4,5,698,1.9,300.0,30.0,10.0,1080.0,835.0,20.0,83,116
B47,0.16,SI50,SK 1SI50/H10 - 56C - 63S/4,5,877,1.5,300.0,30.0,10.0,1080.0,830.0,18.0,83,114
B47,0.16,SI50,SK 1SI50/H10 - 56C - 63S/4,6,865,1.3,250.0,25.0,10.0,1080.0,830.0,18.0,83,114
B48,0.16,SI50,SK 1SI50/31 - 56C - 63S/4,7,550,2.3,225.0,30.0,7.5,1080.0,837.0,20.0,83,116
B47,0.16,SI50,SK 1SI50/H10 - 56C - 63S/4,8,728,1.6,200.0,20.0,10.0,1080.0,833.0,18.0,83,114
B48,0.16,SI50,SK 1SI50/31 - 56C - 63S/4,11,412,2.9,150.0,30.0,5.0,1080.0,839.0,20.0,83,116
B47,0.16,SI50,SK 1SI50/H10 - 56C - 63S/4,11,591,2.1,150.0,15.0,10.0,1080.0,837.0,18.0,83,114
B47,0.16,SI50,SK 1SI50/H10 - 56C - 63S/4,14,544,1.9,125.0,12.5,10.0,1080.0,837.0,18.0,83,114
B46,0.16,SI50,SK 1SI50 - 56C - 63S/4,17,257,2.1,100.0,100.0,,1080.0,842.0,17.0,83,102
B47,0.16,SI50,SK 1SI50/H10 - 56C - 63S/4,17,447,2.4,100.0,10.0,10.0,1080.0,839.0,18.0,83,114
B46,0.16,SI50,SK 1SI50 - 56C - 63S/4,21,229,2.6,80.0,80.0,,1080.0,842.0,17.0,83,102
B47,0.16,SI50,SK 1SI50/H10 - 56C - 63S/4,23,349,3.2,75.0,7.5,10.0,1080.0,842.0,18.0,83,114
B46,0.16,SI50,SK 1SI50 - 56C - 63S/4,28,193,3.3,60.0,60.0,,1080.0,842.0,17.0,83,102
B46,0.16,SI50,SK 1SI50 - 56C - 63S/4,34,173,3.9,50.0,50.0,,1080.0,842.0,17.0,83,102
B47,0.16,SI50,SK 1SI50/H10 - 56C - 63S/4,34,248,3.7,50.0,5.0,10.0,1080.0,842.0,18.0,83,114
B46,0.16,SI50,SK 1SI50 - 56C - 63S/4,43,148,5.0,40.0,40.0,,1080.0,842.0,17.0,83,102
B46,0.16,SI50,SK 1SI50 - 56C - 63S/4,57,118,6.7,30.0,30.0,,1080.0,844.0,17.0,83,102
B46,0.16,SI50,SK 1SI50 - 56C - 63S/4,68,110,6.1,25.0,25.0,,1080.0,844.0,17.0,83,102
B46,0.16,SI50,SK 1SI50 - 56C - 63S/4,85,92,7.8,20.0,20.0,,1080.0,844.0,17.0,83,102
B46,0.16,SI50,SK 1SI50 - 56C - 63S/4,113,72,10.8,15.0,15.0,,1080.0,844.0,17.0,83,102
B46,0.16,SI50,SK 1SI50 - 56C - 63S/4,136,60,10.7,12.5,12.5,,1080.0,844.0,17.0,83,102
B46,0.16,SI50,SK 1SI50 - 56C - 63S/4,170,51,12.9,10.0,10.0,,1080.0,844.0,17.0,83,102
B46,0.16,SI50,SK 1SI50 - 56C - 63S/4,227,39,17.5,7.5,7.5,,1080.0,844.0,17.0,83,102
B46,0.16,SI50,SK 1SI50 - 56C - 63S/4,340,27,21.5,5.0,5.0,,1080.0,835.0,17.0,83,102
B49,0.16,SI63,SK 1SI63/31 - 56C - 63S/4,0,2040,1.3,1800.0,30.0,60.0,1418.0,709.0,28.0,85,116
B49,0.16,SI63,SK 1SI63/31 - 56C - 63S/4,0,2291,1.2,2400.0,30.0,80.0,1411.0,689.0,28.0,85,116
B49,0.16,SI63,SK 1SI63/31 - 56C - 63S/4,0,2506,1.1,3000.0,30.0,100.0,1373.0,671.0,28.0,85,116
B49,0.16,SI63,SK 1SI63/31 - 56C - 63S/4,1,1396,1.8,900.0,30.0,30.0,1418.0,747.0,28.0,85,116
B49,0.16,SI63,SK 1SI63/31 - 56C - 63S/4,1,1647,1.6,1200.0,30.0,40.0,1418.0,734.0,28.0,85,116
B48,0.16,SI63,SK 1SI63/H10 - 56C - 63S/4,1,1670,0.9,1000.0,100.0,10.0,1418.0,734.0,26.0,85,114
B49,0.16,SI63,SK 1SI63/31 - 56C - 63S/4,1,1790,1.5,1500.0,30.0,50.0,1418.0,727.0,28.0,85,116
B49,0.16,SI63,SK 1SI63/31 - 56C - 63S/4,2,1145,2.1,600.0,30.0,20.0,1418.0,758.0,28.0,85,116
B49,0.16,SI63,SK 1SI63/31 - 56C - 63S/4,2,1342,1.9,750.0,30.0,25.0,1418.0,749.0,28.0,85,116
B48,0.16,SI63,SK 1SI63/H10 - 56C - 63S/4,2,1360,1.4,600.0,60.0,10.0,1418.0,749.0,26.0,85,114
B48,0.16,SI63,SK 1SI63/H10 - 56C - 63S/4,2,1527,1.1,800.0,80.0,10.0,1418.0,740.0,26.0,85,114
B49,0.16,SI63,SK 1SI63/31 - 56C - 63S/4,3,940,2.5,450.0,30.0,15.0,1418.0,765.0,28.0,85,116
B48,0.16,SI63,SK 1SI63/H10 - 56C - 63S/4,3,1223,1.6,500.0,50.0,10.0,1418.0,754.0,26.0,85,114
B49,0.16,SI63,SK 1SI63/31 - 56C - 63S/4,4,716,3.3,375.0,30.0,12.5,1418.0,772.0,28.0,85,116
B48,0.16,SI63,SK 1SI63/H10 - 56C - 63S/4,4,1098,1.9,400.0,40.0,10.0,1418.0,761.0,26.0,85,114
B49,0.16,SI63,SK 1SI63/31 - 56C - 63S/4,5,734,3.1,300.0,30.0,10.0,1418.0,772.0,28.0,85,116
B48,0.16,SI63,SK 1SI63/H10 - 56C - 63S/4,5,913,2.5,300.0,30.0,10.0,1418.0,765.0,26.0,85,114
B48,0.16,SI63,SK 1SI63/H10 - 56C - 63S/4,6,880,2.2,250.0,25.0,10.0,1418.0,767.0,26.0,85,114
B49,0.16,SI63,SK 1SI63/31 - 56C - 63S/4,7,577,3.8,225.0,30.0,7.5,1418.0,774.0,28.0,85,116
B48,0.16,SI63,SK 1SI63/H10 - 56C - 63S/4,8,752,2.8,200.0,20.0,10.0,1418.0,770.0,26.0,85,114
B49,0.16,SI63,SK 1SI63/31 - 56C - 63S/4,11,430,4.9,150.0,30.0,5.0,1418.0,776.0,28.0,85,116
B48,0.16,SI63,SK 1SI63/H10 - 56C - 63S/4,11,609,3.7,150.0,15.0,10.0,1418.0,774.0,26.0,85,114
B48,0.16,SI63,SK 1SI63/H10 - 56C - 63S/4,14,544,3.4,125.0,12.5,10.0,1418.0,774.0,26.0,85,114
B47,0.16,SI63,SK 1SI63 - 56C - 63S/4,17,292,3.3,100.0,100.0,,1418.0,779.0,25.0,85,106
B48,0.16,SI63,SK 1SI63/H10 - 56C - 63S/4,17,453,3.7,100.0,10.0,10.0,1418.0,776.0,26.0,85,114
B47,0.16,SI63,SK 1SI63 - 56C - 63S/4,21,253,4.1,80.0,80.0,,1418.0,779.0,25.0,85,106
B48,0.16,SI63,SK 1SI63/H10 - 56C - 63S/4,23,353,3.6,75.0,7.5,10.0,1418.0,779.0,26.0,85,114
B47,0.16,SI63,SK 1SI63 - 56C - 63S/4,28,211,5.4,60.0,60.0,,1418.0,779.0,25.0,85,106
B47,0.16,SI63,SK 1SI63 - 56C - 63S/4,34,185,6.6,50.0,50.0,,1418.0,779.0,25.0,85,106
B48,0.16,SI63,SK 1SI63/H10 - 56C - 63S/4,34,251,3.7,50.0,5.0,10.0,1418.0,779.0,26.0,85,114
B47,0.16,SI63,SK 1SI63 - 56C - 63S/4,43,158,8.3,40.0,40.0,,1418.0,779.0,25.0,85,106
B47,0.16,SI63,SK 1SI63 - 56C - 63S/4,57,125,11.3,30.0,30.0,,1418.0,779.0,25.0,85,106
B47,0.16,SI63,SK 1SI63 - 56C - 63S/4,68,115,10.4,25.0,25.0,,1418.0,779.0,25.0,85,106
B47,0.16,SI63,SK 1SI63 - 56C - 63S/4,85,95,13.4,20.0,20.0,,1418.0,779.0,25.0,85,106
B47,0.16,SI63,SK 1SI63 - 56C - 63S/4,113,74,18.5,15.0,15.0,,1418.0,779.0,25.0,85,106
B47,0.16,SI63,SK 1SI63 - 56C - 63S/4,136,60,19.1,12.5,12.5,,1418.0,779.0,25.0,85,106
B47,0.16,SI63,SK 1SI63 - 56C - 63S/4,170,53,22.6,10.0,10.0,,1418.0,779.0,25.0,85,106
B47,0.16,SI63,SK 1SI63 - 56C - 63S/4,227,40,29.7,7.5,7.5,,1418.0,779.0,25.0,85,106
B47,0.16,SI63,SK 1SI63 - 56C - 63S/4,340,27,29.7,5.0,5.0,,1418.0,779.0,25.0,85,106
B49,0.16,SI75,SK 1SI75/40 - 56C - 63S/4,0,2148,1.7,1800.0,30.0,60.0,1800.0,1800.0,40.0,87,116
B49,0.16,SI75,SK 1SI75/40 - 56C - 63S/4,0,2327,1.6,3000.0,30.0,100.0,1800.0,1800.0,40.0,87,116
B49,0.16,SI75,SK 1SI75/40 - 56C - 63S/4,0,2434,1.5,2400.0,30.0,80.0,1800.0,1800.0,40.0,87,116
B49,0.16,SI75,SK 1SI75/40 - 56C - 63S/4,1,1450,2.4,900.0,30.0,30.0,1800.0,1800.0,40.0,87,116
B49,0.16,SI75,SK 1SI75/40 - 56C - 63S/4,1,1718,2.1,1200.0,30.0,40.0,1800.0,1800.0,40.0,87,116
B49,0.16,SI75,SK 1SI75/40 - 56C - 63S/4,1,1969,1.8,1500.0,30.0,50.0,1800.0,1800.0,40.0,87,116
B49,0.16,SI75,SK 1SI75/40 - 56C - 63S/4,2,1181,2.8,600.0,30.0,20.0,1800.0,1800.0,40.0,87,116
B49,0.16,SI75,SK 1SI75/40 - 56C - 63S/4,2,1387,2.4,750.0,30.0,25.0,1800.0,1800.0,40.0,87,116
B49,0.16,SI75,SK 1SI75/40 - 56C - 63S/4,3,966,3.3,450.0,30.0,15.0,1800.0,1800.0,40.0,87,116
B49,0.16,SI75,SK 1SI75/40 - 56C - 63S/4,4,716,4.4,375.0,30.0,12.5,1800.0,1800.0,40.0,87,116
B49,0.16,SI75,SK 1SI75/40 - 56C - 63S/4,5,752,4.1,300.0,30.0,10.0,1800.0,1800.0,40.0,87,116
B49,0.16,SI75,SK 1SI75/40 - 56C - 63S/4,7,591,5.1,225.0,30.0,7.5,1800.0,1800.0,40.0,87,116
B49,0.16,SI75,SK 1SI75/40 - 56C - 63S/4,11,430,6.6,150.0,30.0,5.0,1800.0,1800.0,40.0,87,116
B50,0.25,SI31,SK 1SI31 - 56C - 63L/4,28,242,0.9,60.0,60.0,,405.0,227.0,12.0,79,94
B50,0.25,SI31,SK 1SI31 - 56C - 63L/4,34,225,1.0,50.0,50.0,,405.0,230.0,12.0,79,94
B50,0.25,SI31,SK 1SI31 - 56C - 63L/4,42,195,1.3,40.0,40.0,,405.0,232.0,12.0,79,94
B50,0.25,SI31,SK 1SI31 - 56C - 63L/4,56,161,1.7,30.0,30.0,,405.0,232.0,12.0,79,94
B50,0.25,SI31,SK 1SI31 - 56C - 63L/4,67,155,1.4,25.0,25.0,,405.0,232.0,12.0,79,94
B50,0.25,SI31,SK 1SI31 - 56C - 63L/4,84,130,1.8,20.0,20.0,,389.0,234.0,12.0,79,94
B50,0.25,SI31,SK 1SI31 - 56C - 63L/4,112,103,2.5,15.0,15.0,,358.0,234.0,12.0,79,94
B50,0.25,SI31,SK 1SI31 - 56C - 63L/4,134,96,2.2,12.5,12.5,,335.0,234.0,12.0,79,94
B50,0.25,SI31,SK 1SI31 - 56C - 63L/4,168,76,3.0,10.0,10.0,,317.0,221.0,12.0,79,94
B50,0.25,SI31,SK 1SI31 - 56C - 63L/4,224,60,4.0,7.5,7.5,,290.0,203.0,12.0,79,94
B50,0.25,SI31,SK 1SI31 - 56C - 63L/4,336,42,4.9,5.0,5.0,,254.0,178.0,12.0,79,94
B52,0.25,SI40,SK 1SI40/31 - 56C - 63L/4,7,839,0.8,225.0,30.0,7.5,720.0,378.0,17.0,81,116
B52,0.25,SI40,SK 1SI40/31 - 56C - 63L/4,11,602,1.1,150.0,30.0,5.0,720.0,396.0,17.0,81,116
B51,0.25,SI40,SK 1SI40/H10 - 56C - 63L/4,11,918,0.8,150.0,15.0,10.0,720.0,369.0,16.0,81,114
B50,0.25,SI40,SK 1SI40 - 56C - 63L/4,17,354,0.9,100.0,100.0,,720.0,410.0,15.0,81,98
B51,0.25,SI40,SK 1SI40/H10 - 56C - 63L/4,17,698,0.9,100.0,10.0,10.0,720.0,389.0,16.0,81,114
B50,0.25,SI40,SK 1SI40 - 56C - 63L/4,21,321,1.0,80.0,80.0,,720.0,410.0,15.0,81,98
B51,0.25,SI40,SK 1SI40/H10 - 56C - 63L/4,22,545,1.2,75.0,7.5,10.0,720.0,401.0,16.0,81,114
B50,0.25,SI40,SK 1SI40 - 56C - 63L/4,28,275,1.3,60.0,60.0,,720.0,412.0,15.0,81,98
B50,0.25,SI40,SK 1SI40 - 56C - 63L/4,34,249,1.5,50.0,50.0,,720.0,412.0,15.0,81,98
B51,0.25,SI40,SK 1SI40/H10 - 56C - 63L/4,34,387,1.4,50.0,5.0,10.0,720.0,407.0,16.0,81,114
B50,0.25,SI40,SK 1SI40 - 56C - 63L/4,42,214,1.9,40.0,40.0,,720.0,412.0,15.0,81,98
B50,0.25,SI40,SK 1SI40 - 56C - 63L/4,56,175,2.5,30.0,30.0,,720.0,414.0,15.0,81,98
B50,0.25,SI40,SK 1SI40 - 56C - 63L/4,67,165,2.3,25.0,25.0,,720.0,414.0,15.0,81,98
B50,0.25,SI40,SK 1SI40 - 56C - 63L/4,84,138,2.9,20.0,20.0,,720.0,414.0,15.0,81,98
B50,0.25,SI40,SK 1SI40 - 56C - 63L/4,112,109,4.0,15.0,15.0,,720.0,414.0,15.0,81,98
B50,0.25,SI40,SK 1SI40 - 56C - 63L/4,134,96,3.8,12.5,12.5,,720.0,414.0,15.0,81,98
B50,0.25,SI40,SK 1SI40 - 56C - 63L/4,168,79,4.7,10.0,10.0,,720.0,414.0,15.0,81,98
B50,0.25,SI40,SK 1SI40 - 56C - 63L/4,224,61,6.4,7.5,7.5,,691.0,414.0,15.0,81,98
B50,0.25,SI40,SK 1SI40 - 56C - 63L/4,336,43,7.9,5.0,5.0,,603.0,414.0,15.0,81,98
B52,0.25,SI50,SK 1SI50/31 - 56C - 63L/4,2,1778,0.8,600.0,30.0,20.0,1080.0,785.0,21.0,83,116
B52,0.25,SI50,SK 1SI50/31 - 56C - 63L/4,3,1462,0.9,450.0,30.0,15.0,1080.0,806.0,21.0,83,116
B52,0.25,SI50,SK 1SI50/31 - 56C - 63L/4,4,1147,1.1,375.0,30.0,12.5,1080.0,819.0,21.0,83,116
B52,0.25,SI50,SK 1SI50/31 - 56C - 63L/4,5,1118,1.2,300.0,30.0,10.0,1080.0,821.0,21.0,83,116
B51,0.25,SI50,SK 1SI50/H10 - 56C - 63L/4,5,1405,0.9,300.0,30.0,10.0,1080.0,808.0,20.0,83,114
B51,0.25,SI50,SK 1SI50/H10 - 56C - 63L/4,6,1386,0.8,250.0,25.0,10.0,1080.0,808.0,20.0,83,114
B52,0.25,SI50,SK 1SI50/31 - 56C - 63L/4,7,882,1.4,225.0,30.0,7.5,1080.0,830.0,21.0,83,116
B51,0.25,SI50,SK 1SI50/H10 - 56C - 63L/4,8,1166,1.0,200.0,20.0,10.0,1080.0,819.0,20.0,83,114
B52,0.25,SI50,SK 1SI50/31 - 56C - 63L/4,11,660,1.8,150.0,30.0,5.0,1080.0,835.0,21.0,83,116
B51,0.25,SI50,SK 1SI50/H10 - 56C - 63L/4,11,946,1.3,150.0,15.0,10.0,1080.0,828.0,20.0,83,114
B51,0.25,SI50,SK 1SI50/H10 - 56C - 63L/4,13,872,1.2,125.0,12.5,10.0,1080.0,830.0,20.0,83,114
B50,0.25,SI50,SK 1SI50 - 56C - 63L/4,17,411,1.3,100.0,100.0,,1080.0,839.0,18.0,83,102
B51,0.25,SI50,SK 1SI50/H10 - 56C - 63L/4,17,717,1.5,100.0,10.0,10.0,1080.0,835.0,20.0,83,114
B50,0.25,SI50,SK 1SI50 - 56C - 63L/4,21,367,1.6,80.0,80.0,,1080.0,842.0,18.0,83,102
B51,0.25,SI50,SK 1SI50/H10 - 56C - 63L/4,22,559,2.0,75.0,7.5,10.0,1080.0,837.0,20.0,83,114
B50,0.25,SI50,SK 1SI50 - 56C - 63L/4,28,310,2.1,60.0,60.0,,1080.0,842.0,18.0,83,102
B50,0.25,SI50,SK 1SI50 - 56C - 63L/4,34,277,2.5,50.0,50.0,,1080.0,842.0,18.0,83,102
B51,0.25,SI50,SK 1SI50/H10 - 56C - 63L/4,34,397,2.3,50.0,5.0,10.0,1080.0,839.0,20.0,83,114
B50,0.25,SI50,SK 1SI50 - 56C - 63L/4,42,237,3.1,40.0,40.0,,1080.0,842.0,18.0,83,102
B50,0.25,SI50,SK 1SI50 - 56C - 63L/4,56,189,4.2,30.0,30.0,,1080.0,842.0,18.0,83,102
B50,0.25,SI50,SK 1SI50 - 56C - 63L/4,67,177,3.8,25.0,25.0,,1080.0,842.0,18.0,83,102
B50,0.25,SI50,SK 1SI50 - 56C - 63L/4,84,147,4.9,20.0,20.0,,1080.0,842.0,18.0,83,102
B50,0.25,SI50,SK 1SI50 - 56C - 63L/4,112,115,6.7,15.0,15.0,,1080.0,844.0,18.0,83,102
B50,0.25,SI50,SK 1SI50 - 56C - 63L/4,134,96,6.7,12.5,12.5,,1080.0,844.0,18.0,83,102
B50,0.25,SI50,SK 1SI50 - 56C - 63L/4,168,82,8.1,10.0,10.0,,1080.0,844.0,18.0,83,102
B50,0.25,SI50,SK 1SI50 - 56C - 63L/4,224,63,10.9,7.5,7.5,,1080.0,844.0,18.0,83,102
B50,0.25,SI50,SK 1SI50 - 56C - 63L/4,336,43,13.4,5.0,5.0,,1080.0,835.0,18.0,83,102
B52,0.25,SI63,SK 1SI63/31 - 56C - 63L/4,0,3269,0.8,1800.0,30.0,60.0,1190.0,581.0,29.0,85,116
B52,0.25,SI63,SK 1SI63/31 - 56C - 63L/4,0,3670,0.8,2400.0,30.0,80.0,1060.0,518.0,29.0,85,116
B52,0.25,SI63,SK 1SI63/31 - 56C - 63L/4,1,2237,1.1,900.0,30.0,30.0,1418.0,693.0,29.0,85,116
B52,0.25,SI63,SK 1SI63/31 - 56C - 63L/4,1,2638,1.0,1200.0,30.0,40.0,1346.0,657.0,29.0,85,116
B52,0.25,SI63,SK 1SI63/31 - 56C - 63L/4,1,2868,0.9,1500.0,30.0,50.0,1296.0,632.0,29.0,85,116
B52,0.25,SI63,SK 1SI63/31 - 56C - 63L/4,2,1835,1.3,600.0,30.0,20.0,1418.0,722.0,29.0,85,116
B52,0.25,SI63,SK 1SI63/31 - 56C - 63L/4,2,2151,1.2,750.0,30.0,25.0,1418.0,700.0,29.0,85,116
B51,0.25,SI63,SK 1SI63/H10 - 56C - 63L/4,2,2179,0.9,600.0,60.0,10.0,1418.0,698.0,27.0,85,114
B52,0.25,SI63,SK 1SI63/31 - 56C - 63L/4,3,1505,1.6,450.0,30.0,15.0,1418.0,743.0,29.0,85,116
B51,0.25,SI63,SK 1SI63/H10 - 56C - 63L/4,3,1959,1.0,500.0,50.0,10.0,1418.0,716.0,27.0,85,114
B52,0.25,SI63,SK 1SI63/31 - 56C - 63L/4,4,1147,2.0,375.0,30.0,12.5,1418.0,758.0,29.0,85,116
B51,0.25,SI63,SK 1SI63/H10 - 56C - 63L/4,4,1759,1.2,400.0,40.0,10.0,1418.0,727.0,27.0,85,114
B52,0.25,SI63,SK 1SI63/31 - 56C - 63L/4,5,1176,2.0,300.0,30.0,10.0,1418.0,756.0,29.0,85,116
B51,0.25,SI63,SK 1SI63/H10 - 56C - 63L/4,5,1462,1.6,300.0,30.0,10.0,1418.0,745.0,27.0,85,114
B51,0.25,SI63,SK 1SI63/H10 - 56C - 63L/4,6,1410,1.4,250.0,25.0,10.0,1418.0,747.0,27.0,85,114
B52,0.25,SI63,SK 1SI63/31 - 56C - 63L/4,7,925,2.4,225.0,30.0,7.5,1418.0,765.0,29.0,85,116
B51,0.25,SI63,SK 1SI63/H10 - 56C - 63L/4,8,1204,1.7,200.0,20.0,10.0,1418.0,756.0,27.0,85,114
B52,0.25,SI63,SK 1SI63/31 - 56C - 63L/4,11,688,3.0,150.0,30.0,5.0,1418.0,772.0,29.0,85,116
B51,0.25,SI63,SK 1SI63/H10 - 56C - 63L/4,11,975,2.3,150.0,15.0,10.0,1418.0,765.0,27.0,85,114
B51,0.25,SI63,SK 1SI63/H10 - 56C - 63L/4,13,872,2.1,125.0,12.5,10.0,1418.0,767.0,27.0,85,114
B51,0.25,SI63,SK 1SI63 - 56C - 63L/4,17,468,2.1,100.0,100.0,,1418.0,776.0,26.0,85,106
B51,0.25,SI63,SK 1SI63/H10 - 56C - 63L/4,17,726,2.3,100.0,10.0,10.0,1418.0,772.0,27.0,85,114
B51,0.25,SI63,SK 1SI63 - 56C - 63L/4,21,405,2.6,80.0,80.0,,1418.0,776.0,26.0,85,106
B51,0.25,SI63,SK 1SI63/H10 - 56C - 63L/4,22,566,2.3,75.0,7.5,10.0,1418.0,774.0,27.0,85,114
B51,0.25,SI63,SK 1SI63 - 56C - 63L/4,28,338,3.4,60.0,60.0,,1418.0,779.0,26.0,85,106
B51,0.25,SI63,SK 1SI63 - 56C - 63L/4,34,296,4.1,50.0,50.0,,1418.0,779.0,26.0,85,106
B51,0.25,SI63,SK 1SI63/H10 - 56C - 63L/4,34,401,2.3,50.0,5.0,10.0,1418.0,776.0,27.0,85,114
B51,0.25,SI63,SK 1SI63 - 56C - 63L/4,42,252,5.2,40.0,40.0,,1418.0,779.0,26.0,85,106
B51,0.25,SI63,SK 1SI63 - 56C - 63L/4,56,201,7.1,30.0,30.0,,1418.0,779.0,26.0,85,106
B51,0.25,SI63,SK 1SI63 - 56C - 63L/4,67,184,6.5,25.0,25.0,,1418.0,779.0,26.0,85,106
B51,0.25,SI63,SK 1SI63 - 56C - 63L/4,84,153,8.3,20.0,20.0,,1418.0,779.0,26.0,85,106
B51,0.25,SI63,SK 1SI63 - 56C - 63L/4,112,119,11.5,15.0,15.0,,1418.0,779.0,26.0,85,106
B51,0.25,SI63,SK 1SI63 - 56C - 63L/4,134,96,11.9,12.5,12.5,,1418.0,779.0,26.0,85,106
B51,0.25,SI63,SK 1SI63 - 56C - 63L/4,168,84,14.1,10.0,10.0,,1418.0,779.0,26.0,85,106
B51,0.25,SI63,SK 1SI63 - 56C - 63L/4,224,65,18.5,7.5,7.5,,1418.0,779.0,26.0,85,106
B51,0.25,SI63,SK 1SI63 - 56C - 63L/4,336,44,18.5,5.0,5.0,,1418.0,779.0,26.0,85,106
B52,0.25,SI75,SK 1SI75/40 - 56C - 63L/4,0,3441,1.1,1800.0,30.0,60.0,1800.0,1800.0,41.0,87,116
B52,0.25,SI75,SK 1SI75/40 - 56C - 63L/4,0,3728,1.0,3000.0,30.0,100.0,1800.0,1800.0,41.0,87,116
B52,0.25,SI75,SK 1SI75/40 - 56C - 63L/4,0,3900,1.0,2400.0,30.0,80.0,1800.0,1800.0,41.0,87,116
B52,0.25,SI75,SK 1SI75/40 - 56C - 63L/4,1,2323,1.5,900.0,30.0,30.0,1800.0,1800.0,41.0,87,116
B52,0.25,SI75,SK 1SI75/40 - 56C - 63L/4,1,2753,1.3,1200.0,30.0,40.0,1800.0,1800.0,41.0,87,116
B52,0.25,SI75,SK 1SI75/40 - 56C - 63L/4,1,3154,1.2,1500.0,30.0,50.0,1800.0,1800.0,41.0,87,116
B52,0.25,SI75,SK 1SI75/40 - 56C - 63L/4,2,1893,1.8,600.0,30.0,20.0,1800.0,1800.0,41.0,87,116
B52,0.25,SI75,SK 1SI75/40 - 56C - 63L/4,2,2222,1.5,750.0,30.0,25.0,1800.0,1800.0,41.0,87,116
B52,0.25,SI75,SK 1SI75/40 - 56C - 63L/4,3,1548,2.1,450.0,30.0,15.0,1800.0,1800.0,41.0,87,116
B52,0.25,SI75,SK 1SI75/40 - 56C - 63L/4,4,1147,2.8,375.0,30.0,12.5,1800.0,1800.0,41.0,87,116
B52,0.25,SI75,SK 1SI75/40 - 56C - 63L/4,5,1204,2.6,300.0,30.0,10.0,1800.0,1800.0,41.0,87,116
B52,0.25,SI75,SK 1SI75/40 - 56C - 63L/4,7,946,3.2,225.0,30.0,7.5,1800.0,1800.0,41.0,87,116
B52,0.25,SI75,SK 1SI75/40 - 56C - 63L/4,11,688,4.1,150.0,30.0,5.0,1800.0,1800.0,41.0,87,116
B53,0.33,SI31,SK 1SI31 - 56C - 71S/4,34,286,0.8,50.0,50.0,,405.0,225.0,15.0,79,94
B53,0.33,SI31,SK 1SI31 - 56C - 71S/4,43,252,1.0,40.0,40.0,,405.0,227.0,15.0,79,94
B53,0.33,SI31,SK 1SI31 - 56C - 71S/4,57,208,1.3,30.0,30.0,,405.0,230.0,15.0,79,94
B53,0.33,SI31,SK 1SI31 - 56C - 71S/4,68,201,1.1,25.0,25.0,,401.0,230.0,15.0,79,94
B53,0.33,SI31,SK 1SI31 - 56C - 71S/4,86,168,1.4,20.0,20.0,,376.0,232.0,15.0,79,94
B53,0.33,SI31,SK 1SI31 - 56C - 71S/4,114,133,1.9,15.0,15.0,,347.0,234.0,15.0,79,94
B53,0.33,SI31,SK 1SI31 - 56C - 71S/4,137,124,1.7,12.5,12.5,,326.0,227.0,15.0,79,94
B53,0.33,SI31,SK 1SI31 - 56C - 71S/4,171,99,2.3,10.0,10.0,,308.0,214.0,15.0,79,94
B53,0.33,SI31,SK 1SI31 - 56C - 71S/4,228,77,3.1,7.5,7.5,,284.0,196.0,15.0,79,94
B53,0.33,SI31,SK 1SI31 - 56C - 71S/4,342,54,3.8,5.0,5.0,,248.0,173.0,15.0,79,94
B54,0.33,SI40,SK 1SI40/31 - 56C - 71S/4,11,778,0.8,150.0,30.0,5.0,720.0,383.0,20.0,81,116
B53,0.33,SI40,SK 1SI40 - 56C - 71S/4,21,415,0.8,80.0,80.0,,720.0,407.0,17.0,81,98
B54,0.33,SI40,SK 1SI40/H10 - 56C - 71S/4,23,704,0.9,75.0,7.5,10.0,720.0,389.0,19.0,81,114
B53,0.33,SI40,SK 1SI40 - 56C - 71S/4,29,356,1.0,60.0,60.0,,720.0,410.0,17.0,81,98
B53,0.33,SI40,SK 1SI40 - 56C - 71S/4,34,321,1.2,50.0,50.0,,720.0,410.0,17.0,81,98
B54,0.33,SI40,SK 1SI40/H10 - 56C - 71S/4,34,500,1.1,50.0,5.0,10.0,720.0,403.0,19.0,81,114
B53,0.33,SI40,SK 1SI40 - 56C - 71S/4,43,277,1.5,40.0,40.0,,720.0,412.0,17.0,81,98
B53,0.33,SI40,SK 1SI40 - 56C - 71S/4,57,226,2.0,30.0,30.0,,720.0,412.0,17.0,81,98
B53,0.33,SI40,SK 1SI40 - 56C - 71S/4,68,213,1.7,25.0,25.0,,720.0,414.0,17.0,81,98
B53,0.33,SI40,SK 1SI40 - 56C - 71S/4,86,178,2.2,20.0,20.0,,720.0,414.0,17.0,81,98
B53,0.33,SI40,SK 1SI40 - 56C - 71S/4,114,141,3.1,15.0,15.0,,720.0,414.0,17.0,81,98
B53,0.33,SI40,SK 1SI40 - 56C - 71S/4,137,124,2.9,12.5,12.5,,720.0,414.0,17.0,81,98
B53,0.33,SI40,SK 1SI40 - 56C - 71S/4,171,103,3.6,10.0,10.0,,720.0,414.0,17.0,81,98
B53,0.33,SI40,SK 1SI40 - 56C - 71S/4,228,79,4.9,7.5,7.5,,682.0,414.0,17.0,81,98
B53,0.33,SI40,SK 1SI40 - 56C - 71S/4,342,55,6.1,5.0,5.0,,596.0,414.0,17.0,81,98
B54,0.33,SI50,SK 1SI50/31 - 56C - 71S/4,4,1483,0.9,375.0,30.0,12.5,1080.0,803.0,24.0,83,116
B54,0.33,SI50,SK 1SI50/31 - 56C - 71S/4,5,1446,0.9,300.0,30.0,10.0,1080.0,806.0,24.0,83,116
B54,0.33,SI50,SK 1SI50/31 - 56C - 71S/4,7,1140,1.1,225.0,30.0,7.5,1080.0,819.0,24.0,83,116
B54,0.33,SI50,SK 1SI50/H10 - 56C - 71S/4,8,1507,0.8,200.0,20.0,10.0,1080.0,803.0,22.0,83,114
B54,0.33,SI50,SK 1SI50/31 - 56C - 71S/4,11,853,1.4,150.0,30.0,5.0,1080.0,830.0,24.0,83,116
B54,0.33,SI50,SK 1SI50/H10 - 56C - 71S/4,11,1223,1.0,150.0,15.0,10.0,1080.0,817.0,22.0,83,114
B54,0.33,SI50,SK 1SI50/H10 - 56C - 71S/4,14,1128,0.9,125.0,12.5,10.0,1080.0,821.0,22.0,83,114
B53,0.33,SI50,SK 1SI50 - 56C - 71S/4,17,531,1.0,100.0,100.0,,1080.0,837.0,21.0,83,102
B54,0.33,SI50,SK 1SI50/H10 - 56C - 71S/4,17,927,1.2,100.0,10.0,10.0,1080.0,828.0,22.0,83,114
B53,0.33,SI50,SK 1SI50 - 56C - 71S/4,21,474,1.2,80.0,80.0,,1080.0,839.0,21.0,83,102
B54,0.33,SI50,SK 1SI50/H10 - 56C - 71S/4,23,723,1.6,75.0,7.5,10.0,1080.0,835.0,22.0,83,114
B53,0.33,SI50,SK 1SI50 - 56C - 71S/4,29,400,1.6,60.0,60.0,,1080.0,839.0,21.0,83,102
B53,0.33,SI50,SK 1SI50 - 56C - 71S/4,34,358,1.9,50.0,50.0,,1080.0,842.0,21.0,83,102
B54,0.33,SI50,SK 1SI50/H10 - 56C - 71S/4,34,513,1.8,50.0,5.0,10.0,1080.0,839.0,22.0,83,114
B53,0.33,SI50,SK 1SI50 - 56C - 71S/4,43,306,2.4,40.0,40.0,,1080.0,842.0,21.0,83,102
B53,0.33,SI50,SK 1SI50 - 56C - 71S/4,57,245,3.3,30.0,30.0,,1080.0,842.0,21.0,83,102
B53,0.33,SI50,SK 1SI50 - 56C - 71S/4,68,229,2.9,25.0,25.0,,1080.0,842.0,21.0,83,102
B53,0.33,SI50,SK 1SI50 - 56C - 71S/4,86,190,3.8,20.0,20.0,,1080.0,842.0,21.0,83,102
B53,0.33,SI50,SK 1SI50 - 56C - 71S/4,114,148,5.2,15.0,15.0,,1080.0,842.0,21.0,83,102
B53,0.33,SI50,SK 1SI50 - 56C - 71S/4,137,124,5.2,12.5,12.5,,1080.0,844.0,21.0,83,102
B53,0.33,SI50,SK 1SI50 - 56C - 71S/4,171,106,6.2,10.0,10.0,,1080.0,844.0,21.0,83,102
B53,0.33,SI50,SK 1SI50 - 56C - 71S/4,228,82,8.5,7.5,7.5,,1080.0,844.0,21.0,83,102
B53,0.33,SI50,SK 1SI50 - 56C - 71S/4,342,56,10.4,5.0,5.0,,1080.0,826.0,21.0,83,102
B55,0.33,SI63,SK 1SI63/31 - 56C - 71S/4,1,2891,0.9,900.0,30.0,30.0,1289.0,630.0,32.0,85,116
B55,0.33,SI63,SK 1SI63/31 - 56C - 71S/4,1,3410,0.8,1200.0,30.0,40.0,1148.0,560.0,32.0,85,116
B55,0.33,SI63,SK 1SI63/31 - 56C - 71S/4,2,2372,1.0,600.0,30.0,20.0,1397.0,682.0,32.0,85,116
B55,0.33,SI63,SK 1SI63/31 - 56C - 71S/4,2,2780,0.9,750.0,30.0,25.0,1316.0,641.0,32.0,85,116
B55,0.33,SI63,SK 1SI63/31 - 56C - 71S/4,3,1946,1.2,450.0,30.0,15.0,1418.0,716.0,32.0,85,116
B54,0.33,SI63,SK 1SI63/H10 - 56C - 71S/4,3,2533,0.8,500.0,50.0,10.0,1368.0,668.0,30.0,85,114
B55,0.33,SI63,SK 1SI63/31 - 56C - 71S/4,4,1483,1.6,375.0,30.0,12.5,1418.0,743.0,32.0,85,116
B54,0.33,SI63,SK 1SI63/H10 - 56C - 71S/4,4,2274,0.9,400.0,40.0,10.0,1415.0,691.0,30.0,85,114
B55,0.33,SI63,SK 1SI63/31 - 56C - 71S/4,5,1520,1.5,300.0,30.0,10.0,1418.0,740.0,32.0,85,116
B54,0.33,SI63,SK 1SI63/H10 - 56C - 71S/4,5,1891,1.2,300.0,30.0,10.0,1418.0,720.0,30.0,85,114
B54,0.33,SI63,SK 1SI63/H10 - 56C - 71S/4,6,1823,1.1,250.0,25.0,10.0,1418.0,725.0,30.0,85,114
B55,0.33,SI63,SK 1SI63/31 - 56C - 71S/4,7,1195,1.9,225.0,30.0,7.5,1418.0,756.0,32.0,85,116
B54,0.33,SI63,SK 1SI63/H10 - 56C - 71S/4,8,1557,1.3,200.0,20.0,10.0,1418.0,740.0,30.0,85,114
B55,0.33,SI63,SK 1SI63/31 - 56C - 71S/4,11,890,2.4,150.0,30.0,5.0,1418.0,767.0,32.0,85,116
B54,0.33,SI63,SK 1SI63/H10 - 56C - 71S/4,11,1260,1.8,150.0,15.0,10.0,1418.0,754.0,30.0,85,114
B54,0.33,SI63,SK 1SI63/H10 - 56C - 71S/4,14,1128,1.6,125.0,12.5,10.0,1418.0,758.0,30.0,85,114
B53,0.33,SI63,SK 1SI63 - 56C - 71S/4,17,605,1.6,100.0,100.0,,1418.0,774.0,29.0,85,106
B54,0.33,SI63,SK 1SI63/H10 - 56C - 71S/4,17,939,1.8,100.0,10.0,10.0,1418.0,765.0,30.0,85,114
B53,0.33,SI63,SK 1SI63 - 56C - 71S/4,21,524,2.0,80.0,80.0,,1418.0,774.0,29.0,85,106
B54,0.33,SI63,SK 1SI63/H10 - 56C - 71S/4,23,732,1.8,75.0,7.5,10.0,1418.0,772.0,30.0,85,114
B53,0.33,SI63,SK 1SI63 - 56C - 71S/4,29,437,2.6,60.0,60.0,,1418.0,776.0,29.0,85,106
B53,0.33,SI63,SK 1SI63 - 56C - 71S/4,34,383,3.2,50.0,50.0,,1418.0,776.0,29.0,85,106
B54,0.33,SI63,SK 1SI63/H10 - 56C - 71S/4,34,519,1.8,50.0,5.0,10.0,1418.0,774.0,30.0,85,114
B53,0.33,SI63,SK 1SI63 - 56C - 71S/4,43,326,4.0,40.0,40.0,,1418.0,779.0,29.0,85,106
B53,0.33,SI63,SK 1SI63 - 56C - 71S/4,57,259,5.5,30.0,30.0,,1418.0,779.0,29.0,85,106
B53,0.33,SI63,SK 1SI63 - 56C - 71S/4,68,238,5.0,25.0,25.0,,1418.0,779.0,29.0,85,106
B53,0.33,SI63,SK 1SI63 - 56C - 71S/4,86,198,6.4,20.0,20.0,,1418.0,779.0,29.0,85,106
B53,0.33,SI63,SK 1SI63 - 56C - 71S/4,114,154,8.9,15.0,15.0,,1418.0,779.0,29.0,85,106
B53,0.33,SI63,SK 1SI63 - 56C - 71S/4,137,124,9.2,12.5,12.5,,1418.0,779.0,29.0,85,106
B53,0.33,SI63,SK 1SI63 - 56C - 71S/4,171,109,10.9,10.0,10.0,,1418.0,779.0,29.0,85,106
B53,0.33,SI63,SK 1SI63 - 56C - 71S/4,228,83,14.3,7.5,7.5,,1418.0,779.0,29.0,85,106
B53,0.33,SI63,SK 1SI63 - 56C - 71S/4,342,57,14.3,5.0,5.0,,1418.0,779.0,29.0,85,106
B55,0.33,SI75,SK 1SI75/40 - 56C - 71S/4,0,4448,0.8,1800.0,30.0,60.0,1800.0,1800.0,44.0,87,116
B55,0.33,SI75,SK 1SI75/40 - 56C - 71S/4,0,4819,0.8,3000.0,30.0,100.0,1800.0,1800.0,44.0,87,116
B55,0.33,SI75,SK 1SI75/40 - 56C - 71S/4,1,3003,1.1,900.0,30.0,30.0,1800.0,1800.0,44.0,87,116
B55,0.33,SI75,SK 1SI75/40 - 56C - 71S/4,1,3559,1.0,1200.0,30.0,40.0,1800.0,1800.0,44.0,87,116
B55,0.33,SI75,SK 1SI75/40 - 56C - 71S/4,1,4078,0.9,1500.0,30.0,50.0,1800.0,1800.0,44.0,87,116
B55,0.33,SI75,SK 1SI75/40 - 56C - 71S/4,2,2447,1.4,600.0,30.0,20.0,1800.0,1800.0,44.0,87,116
B55,0.33,SI75,SK 1SI75/40 - 56C - 71S/4,2,2873,1.2,750.0,30.0,25.0,1800.0,1800.0,44.0,87,116
B55,0.33,SI75,SK 1SI75/40 - 56C - 71S/4,3,2002,1.6,450.0,30.0,15.0,1800.0,1800.0,44.0,87,116
B55,0.33,SI75,SK 1SI75/40 - 56C - 71S/4,4,1483,2.1,375.0,30.0,12.5,1800.0,1800.0,44.0,87,116
B55,0.33,SI75,SK 1SI75/40 - 56C - 71S/4,5,1557,2.0,300.0,30.0,10.0,1800.0,1800.0,44.0,87,116
B55,0.33,SI75,SK 1SI75/40 - 56C - 71S/4,7,1223,2.5,225.0,30.0,7.5,1800.0,1800.0,44.0,87,116
B55,0.33,SI75,SK 1SI75/40 - 56C - 71S/4,11,890,3.2,150.0,30.0,5.0,1800.0,1800.0,44.0,87,116
B54,0.33,SI75,SK 1SI75 - 56C - 71S/4,17,667,2.5,100.0,100.0,,1800.0,1800.0,38.0,87,110
B54,0.33,SI75,SK 1SI75 - 56C - 71S/4,21,583,3.1,80.0,80.0,,1800.0,1800.0,38.0,87,110
B54,0.33,SI75,SK 1SI75 - 56C - 71S/4,29,474,4.1,60.0,60.0,,1800.0,1800.0,38.0,87,110
B54,0.33,SI75,SK 1SI75 - 56C - 71S/4,34,414,5.0,50.0,50.0,,1800.0,1800.0,38.0,87,110
B54,0.33,SI75,SK 1SI75 - 56C - 71S/4,43,346,6.4,40.0,40.0,,1800.0,1800.0,38.0,87,110
B54,0.33,SI75,SK 1SI75 - 56C - 71S/4,57,259,7.4,30.0,30.0,,1800.0,1800.0,38.0,87,110
B54,0.33,SI75,SK 1SI75 - 56C - 71S/4,68,250,8.1,25.0,25.0,,1800.0,1800.0,38.0,87,110
B54,0.33,SI75,SK 1SI75 - 56C - 71S/4,86,205,10.6,20.0,20.0,,1800.0,1800.0,38.0,87,110
B54,0.33,SI75,SK 1SI75 - 56C - 71S/4,114,158,14.8,15.0,15.0,,1800.0,1800.0,38.0,87,110
B54,0.33,SI75,SK 1SI75 - 56C - 71S/4,137,124,15.5,12.5,12.5,,1800.0,1800.0,38.0,87,110
B54,0.33,SI75,SK 1SI75 - 56C - 71S/4,171,111,18.1,10.0,10.0,,1800.0,1800.0,38.0,87,110
B54,0.33,SI75,SK 1SI75 - 56C - 71S/4,228,84,24.6,7.5,7.5,,1800.0,1800.0,38.0,87,110
B54,0.33,SI75,SK 1SI75 - 56C - 71S/4,342,57,30.2,5.0,5.0,,1800.0,1800.0,38.0,87,110
B55,0.5,SI31,SK 1SI31 - 56C - 71L/4,57,308,0.9,30.0,30.0,,398.0,223.0,17.0,79,94
B55,0.5,SI31,SK 1SI31 - 56C - 71L/4,86,247,1.0,20.0,20.0,,356.0,227.0,17.0,79,94
B55,0.5,SI31,SK 1SI31 - 56C - 71L/4,115,196,1.3,15.0,15.0,,329.0,230.0,17.0,79,94
B55,0.5,SI31,SK 1SI31 - 56C - 71L/4,138,182,1.2,12.5,12.5,,311.0,216.0,17.0,79,94
B55,0.5,SI31,SK 1SI31 - 56C - 71L/4,172,145,1.6,10.0,10.0,,295.0,205.0,17.0,79,94
B55,0.5,SI31,SK 1SI31 - 56C - 71L/4,229,113,2.1,7.5,7.5,,272.0,189.0,17.0,79,94
B55,0.5,SI31,SK 1SI31 - 56C - 71L/4,344,79,2.6,5.0,5.0,,241.0,167.0,17.0,79,94
B55,0.5,SI40,SK 1SI40 - 56C - 71L/4,34,473,0.8,50.0,50.0,,720.0,403.0,19.0,81,98
B55,0.5,SI40,SK 1SI40 - 56C - 71L/4,43,407,1.0,40.0,40.0,,720.0,407.0,19.0,81,98
B55,0.5,SI40,SK 1SI40 - 56C - 71L/4,57,333,1.3,30.0,30.0,,720.0,410.0,19.0,81,98
B55,0.5,SI40,SK 1SI40 - 56C - 71L/4,69,314,1.2,25.0,25.0,,720.0,410.0,19.0,81,98
B55,0.5,SI40,SK 1SI40 - 56C - 71L/4,86,262,1.5,20.0,20.0,,720.0,412.0,19.0,81,98
B55,0.5,SI40,SK 1SI40 - 56C - 71L/4,115,207,2.1,15.0,15.0,,720.0,414.0,19.0,81,98
B55,0.5,SI40,SK 1SI40 - 56C - 71L/4,138,182,2.0,12.5,12.5,,720.0,414.0,19.0,81,98
B55,0.5,SI40,SK 1SI40 - 56C - 71L/4,172,151,2.5,10.0,10.0,,720.0,414.0,19.0,81,98
B55,0.5,SI40,SK 1SI40 - 56C - 71L/4,229,116,3.4,7.5,7.5,,673.0,414.0,19.0,81,98
B55,0.5,SI40,SK 1SI40 - 56C - 71L/4,344,81,4.2,5.0,5.0,,590.0,414.0,19.0,81,98
B57,0.5,SI50,SK 1SI50/31 - 56C - 71L/4,11,1254,0.9,150.0,30.0,5.0,1080.0,815.0,26.0,83,116
B56,0.5,SI50,SK 1SI50/H10 - 56C - 71L/4,17,1364,0.8,100.0,10.0,10.0,1080.0,810.0,24.0,83,114
B56,0.5,SI50,SK 1SI50 - 56C - 71L/4,22,698,0.8,80.0,80.0,,1080.0,835.0,23.0,83,102
B56,0.5,SI50,SK 1SI50/H10 - 56C - 71L/4,23,1064,1.1,75.0,7.5,10.0,1080.0,824.0,24.0,83,114
B56,0.5,SI50,SK 1SI50 - 56C - 71L/4,29,589,1.1,60.0,60.0,,1080.0,837.0,23.0,83,102
B56,0.5,SI50,SK 1SI50 - 56C - 71L/4,34,527,1.3,50.0,50.0,,1080.0,837.0,23.0,83,102
B56,0.5,SI50,SK 1SI50/H10 - 56C - 71L/4,34,755,1.2,50.0,5.0,10.0,1080.0,833.0,24.0,83,114
B56,0.5,SI50,SK 1SI50 - 56C - 71L/4,43,451,1.6,40.0,40.0,,1080.0,839.0,23.0,83,102
B56,0.5,SI50,SK 1SI50 - 56C - 71L/4,57,360,2.2,30.0,30.0,,1080.0,842.0,23.0,83,102
B56,0.5,SI50,SK 1SI50 - 56C - 71L/4,69,336,2.0,25.0,25.0,,1080.0,842.0,23.0,83,102
B56,0.5,SI50,SK 1SI50 - 56C - 71L/4,86,280,2.6,20.0,20.0,,1080.0,842.0,23.0,83,102
B56,0.5,SI50,SK 1SI50 - 56C - 71L/4,115,218,3.5,15.0,15.0,,1080.0,842.0,23.0,83,102
B56,0.5,SI50,SK 1SI50 - 56C - 71L/4,138,182,3.5,12.5,12.5,,1080.0,842.0,23.0,83,102
B56,0.5,SI50,SK 1SI50 - 56C - 71L/4,172,156,4.2,10.0,10.0,,1080.0,842.0,23.0,83,102
B56,0.5,SI50,SK 1SI50 - 56C - 71L/4,229,120,5.8,7.5,7.5,,1080.0,844.0,23.0,83,102
B56,0.5,SI50,SK 1SI50 - 56C - 71L/4,344,83,7.1,5.0,5.0,,1080.0,821.0,23.0,83,102
B57,0.5,SI63,SK 1SI63/31 - 56C - 71L/4,3,2864,0.8,450.0,30.0,15.0,1296.0,632.0,34.0,85,116
B57,0.5,SI63,SK 1SI63/31 - 56C - 71L/4,4,2182,1.1,375.0,30.0,12.5,1418.0,698.0,34.0,85,116
B57,0.5,SI63,SK 1SI63/31 - 56C - 71L/4,5,2236,1.0,300.0,30.0,10.0,1418.0,693.0,34.0,85,116
B56,0.5,SI63,SK 1SI63/H10 - 56C - 71L/4,5,2782,0.8,300.0,30.0,10.0,1316.0,641.0,32.0,85,114
B57,0.5,SI63,SK 1SI63/31 - 56C - 71L/4,7,1759,1.3,225.0,30.0,7.5,1418.0,727.0,34.0,85,116
B56,0.5,SI63,SK 1SI63/H10 - 56C - 71L/4,8,2291,0.9,200.0,20.0,10.0,1411.0,689.0,32.0,85,114
B57,0.5,SI63,SK 1SI63/31 - 56C - 71L/4,11,1309,1.6,150.0,30.0,5.0,1418.0,752.0,34.0,85,116
B56,0.5,SI63,SK 1SI63/H10 - 56C - 71L/4,11,1854,1.2,150.0,15.0,10.0,1418.0,722.0,32.0,85,114
B56,0.5,SI63,SK 1SI63/H10 - 56C - 71L/4,14,1659,1.1,125.0,12.5,10.0,1418.0,734.0,32.0,85,114
B56,0.5,SI63,SK 1SI63 - 56C - 71L/4,17,891,1.1,100.0,100.0,,1418.0,767.0,31.0,85,106
B56,0.5,SI63,SK 1SI63/H10 - 56C - 71L/4,17,1382,1.2,100.0,10.0,10.0,1418.0,747.0,32.0,85,114
B56,0.5,SI63,SK 1SI63 - 56C - 71L/4,22,771,1.4,80.0,80.0,,1418.0,770.0,31.0,85,106
B56,0.5,SI63,SK 1SI63/H10 - 56C - 71L/4,23,1077,1.2,75.0,7.5,10.0,1418.0,761.0,32.0,85,114
B56,0.5,SI63,SK 1SI63 - 56C - 71L/4,29,644,1.8,60.0,60.0,,1418.0,772.0,31.0,85,106
B56,0.5,SI63,SK 1SI63 - 56C - 71L/4,34,564,2.2,50.0,50.0,,1418.0,774.0,31.0,85,106
B56,0.5,SI63,SK 1SI63/H10 - 56C - 71L/4,34,764,1.2,50.0,5.0,10.0,1418.0,770.0,32.0,85,114
B56,0.5,SI63,SK 1SI63 - 56C - 71L/4,43,480,2.7,40.0,40.0,,1418.0,776.0,31.0,85,106
B56,0.5,SI63,SK 1SI63 - 56C - 71L/4,57,382,3.7,30.0,30.0,,1418.0,776.0,31.0,85,106
B56,0.5,SI63,SK 1SI63 - 56C - 71L/4,69,350,3.4,25.0,25.0,,1418.0,779.0,31.0,85,106
B56,0.5,SI63,SK 1SI63 - 56C - 71L/4,86,291,4.4,20.0,20.0,,1418.0,779.0,31.0,85,106
B56,0.5,SI63,SK 1SI63 - 56C - 71L/4,115,226,6.1,15.0,15.0,,1418.0,779.0,31.0,85,106
B56,0.5,SI63,SK 1SI63 - 56C - 71L/4,138,182,6.3,12.5,12.5,,1418.0,779.0,31.0,85,106
B56,0.5,SI63,SK 1SI63 - 56C - 71L/4,172,160,7.4,10.0,10.0,,1418.0,779.0,31.0,85,106
B56,0.5,SI63,SK 1SI63 - 56C - 71L/4,229,123,9.7,7.5,7.5,,1418.0,779.0,31.0,85,106
B56,0.5,SI63,SK 1SI63 - 56C - 71L/4,344,84,9.7,5.0,5.0,,1418.0,779.0,31.0,85,106
B57,0.5,SI75,SK 1SI75/40 - 56C - 71L/4,1,4418,0.8,900.0,30.0,30.0,1800.0,1800.0,46.0,87,116
B57,0.5,SI75,SK 1SI75/40 - 56C - 71L/4,2,3600,0.9,600.0,30.0,20.0,1800.0,1800.0,46.0,87,116
B57,0.5,SI75,SK 1SI75/40 - 56C - 71L/4,2,4227,0.8,750.0,30.0,25.0,1800.0,1800.0,46.0,87,116
B57,0.5,SI75,SK 1SI75/40 - 56C - 71L/4,3,2945,1.1,450.0,30.0,15.0,1800.0,1800.0,46.0,87,116
B57,0.5,SI75,SK 1SI75/40 - 56C - 71L/4,4,2182,1.5,375.0,30.0,12.5,1800.0,1800.0,46.0,87,116
B57,0.5,SI75,SK 1SI75/40 - 56C - 71L/4,5,2291,1.4,300.0,30.0,10.0,1800.0,1800.0,46.0,87,116
B57,0.5,SI75,SK 1SI75/40 - 56C - 71L/4,7,1800,1.7,225.0,30.0,7.5,1800.0,1800.0,46.0,87,116
B57,0.5,SI75,SK 1SI75/40 - 56C - 71L/4,11,1309,2.2,150.0,30.0,5.0,1800.0,1800.0,46.0,87,116
B56,0.5,SI75,SK 1SI75 - 56C - 71L/4,17,982,1.7,100.0,100.0,,1800.0,1800.0,40.0,87,110
B56,0.5,SI75,SK 1SI75 - 56C - 71L/4,22,858,2.1,80.0,80.0,,1800.0,1800.0,40.0,87,110
B56,0.5,SI75,SK 1SI75 - 56C - 71L/4,29,698,2.8,60.0,60.0,,1800.0,1800.0,40.0,87,110
B56,0.5,SI75,SK 1SI75 - 56C - 71L/4,34,609,3.4,50.0,50.0,,1800.0,1800.0,40.0,87,110
B56,0.5,SI75,SK 1SI75 - 56C - 71L/4,43,509,4.3,40.0,40.0,,1800.0,1800.0,40.0,87,110
B56,0.5,SI75,SK 1SI75 - 56C - 71L/4,57,382,5.1,30.0,30.0,,1800.0,1800.0,40.0,87,110
B56,0.5,SI75,SK 1SI75 - 56C - 71L/4,69,368,5.5,25.0,25.0,,1800.0,1800.0,40.0,87,110
B56,0.5,SI75,SK 1SI75 - 56C - 71L/4,86,302,7.2,20.0,20.0,,1800.0,1800.0,40.0,87,110
B56,0.5,SI75,SK 1SI75 - 56C - 71L/4,115,232,10.1,15.0,15.0,,1800.0,1800.0,40.0,87,110
B56,0.5,SI75,SK 1SI75 - 56C - 71L/4,138,182,10.5,12.5,12.5,,1800.0,1800.0,40.0,87,110
B56,0.5,SI75,SK 1SI75 - 56C - 71L/4,172,164,12.3,10.0,10.0,,1800.0,1800.0,40.0,87,110
B56,0.5,SI75,SK 1SI75 - 56C - 71L/4,229,124,16.7,7.5,7.5,,1800.0,1800.0,40.0,87,110
B56,0.5,SI75,SK 1SI75 - 56C - 71L/4,344,85,20.5,5.0,5.0,,1800.0,1800.0,40.0,87,110
B57,0.75,SI40,SK 1SI40 - 56C - 80S/4,57,507,0.9,30.0,30.0,,720.0,403.0,23.0,81,98
B57,0.75,SI40,SK 1SI40 - 56C - 80S/4,68,477,0.8,25.0,25.0,,720.0,403.0,23.0,81,98
B57,0.75,SI40,SK 1SI40 - 56C - 80S/4,86,399,1.0,20.0,20.0,,720.0,407.0,23.0,81,98
B57,0.75,SI40,SK 1SI40 - 56C - 80S/4,114,316,1.4,15.0,15.0,,720.0,410.0,23.0,81,98
B57,0.75,SI40,SK 1SI40 - 56C - 80S/4,137,277,1.3,12.5,12.5,,720.0,412.0,23.0,81,98
B57,0.75,SI40,SK 1SI40 - 56C - 80S/4,171,230,1.6,10.0,10.0,,720.0,412.0,23.0,81,98
B57,0.75,SI40,SK 1SI40 - 56C - 80S/4,228,176,2.2,7.5,7.5,,662.0,414.0,23.0,81,98
B57,0.75,SI40,SK 1SI40 - 56C - 80S/4,342,123,2.7,5.0,5.0,,583.0,414.0,23.0,81,98
B57,0.75,SI50,SK 1SI50 - 56C - 80S/4,34,803,0.8,50.0,50.0,,1080.0,833.0,27.0,83,102
B57,0.75,SI50,SK 1SI50 - 56C - 80S/4,43,686,1.1,40.0,40.0,,1080.0,835.0,27.0,83,102
B57,0.75,SI50,SK 1SI50 - 56C - 80S/4,57,548,1.5,30.0,30.0,,1080.0,837.0,27.0,83,102
B57,0.75,SI50,SK 1SI50 - 56C - 80S/4,68,512,1.3,25.0,25.0,,1080.0,839.0,27.0,83,102
B57,0.75,SI50,SK 1SI50 - 56C - 80S/4,86,426,1.7,20.0,20.0,,1080.0,839.0,27.0,83,102
B57,0.75,SI50,SK 1SI50 - 56C - 80S/4,114,332,2.3,15.0,15.0,,1080.0,842.0,27.0,83,102
B57,0.75,SI50,SK 1SI50 - 56C - 80S/4,137,277,2.3,12.5,12.5,,1080.0,842.0,27.0,83,102
B57,0.75,SI50,SK 1SI50 - 56C - 80S/4,171,238,2.8,10.0,10.0,,1080.0,842.0,27.0,83,102
B57,0.75,SI50,SK 1SI50 - 56C - 80S/4,228,183,3.8,7.5,7.5,,1080.0,842.0,27.0,83,102
B57,0.75,SI50,SK 1SI50 - 56C - 80S/4,342,126,4.6,5.0,5.0,,1080.0,817.0,27.0,83,102
B57,0.75,SI63,SK 1SI63 - 56C - 80S/4,21,1174,0.9,80.0,80.0,,1418.0,756.0,34.0,85,106
B57,0.75,SI63,SK 1SI63 - 56C - 80S/4,29,980,1.2,60.0,60.0,,1418.0,763.0,34.0,85,106
B57,0.75,SI63,SK 1SI63 - 56C - 80S/4,34,858,1.4,50.0,50.0,,1418.0,767.0,34.0,85,106
B57,0.75,SI63,SK 1SI63 - 56C - 80S/4,43,731,1.8,40.0,40.0,,1418.0,772.0,34.0,85,106
B57,0.75,SI63,SK 1SI63 - 56C - 80S/4,57,581,2.4,30.0,30.0,,1418.0,774.0,34.0,85,106
B57,0.75,SI63,SK 1SI63 - 56C - 80S/4,68,533,2.2,25.0,25.0,,1418.0,774.0,34.0,85,106
B57,0.75,SI63,SK 1SI63 - 56C - 80S/4,86,443,2.9,20.0,20.0,,1418.0,776.0,34.0,85,106
B57,0.75,SI63,SK 1SI63 - 56C - 80S/4,114,345,4.0,15.0,15.0,,1418.0,779.0,34.0,85,106
B57,0.75,SI63,SK 1SI63 - 56C - 80S/4,137,277,4.1,12.5,12.5,,1418.0,779.0,34.0,85,106
B57,0.75,SI63,SK 1SI63 - 56C - 80S/4,171,244,4.9,10.0,10.0,,1418.0,779.0,34.0,85,106
B57,0.75,SI63,SK 1SI63 - 56C - 80S/4,228,187,6.4,7.5,7.5,,1418.0,779.0,34.0,85,106
B57,0.75,SI63,SK 1SI63 - 56C - 80S/4,342,127,6.4,5.0,5.0,,1418.0,779.0,34.0,85,106
B58,0.75,SI75,SK 1SI75/40 - 56C - 80S/4,4,3321,1.0,375.0,30.0,12.5,1800.0,1800.0,49.0,87,116
B58,0.75,SI75,SK 1SI75/40 - 56C - 80S/4,5,3487,0.9,300.0,30.0,10.0,1800.0,1800.0,49.0,87,116
B58,0.75,SI75,SK 1SI75/40 - 56C - 80S/4,7,2740,1.1,225.0,30.0,7.5,1800.0,1800.0,49.0,87,116
B58,0.75,SI75,SK 1SI75/40 - 56C - 80S/4,11,1993,1.4,150.0,30.0,5.0,1800.0,1800.0,49.0,87,116
B58,0.75,SI75,SK 1SI75 - 56C - 80S/4,17,1495,1.1,100.0,100.0,,1800.0,1800.0,44.0,87,110
B58,0.75,SI75,SK 1SI75 - 56C - 80S/4,21,1306,1.4,80.0,80.0,,1800.0,1800.0,44.0,87,110
B58,0.75,SI75,SK 1SI75 - 56C - 80S/4,29,1063,1.8,60.0,60.0,,1800.0,1800.0,44.0,87,110
B58,0.75,SI75,SK 1SI75 - 56C - 80S/4,34,927,2.2,50.0,50.0,,1800.0,1800.0,44.0,87,110
B58,0.75,SI75,SK 1SI75 - 56C - 80S/4,43,775,2.9,40.0,40.0,,1800.0,1800.0,44.0,87,110
B58,0.75,SI75,SK 1SI75 - 56C - 80S/4,57,581,3.3,30.0,30.0,,1800.0,1800.0,44.0,87,110
B58,0.75,SI75,SK 1SI75 - 56C - 80S/4,68,560,3.6,25.0,25.0,,1800.0,1800.0,44.0,87,110
B58,0.75,SI75,SK 1SI75 - 56C - 80S/4,86,459,4.7,20.0,20.0,,1800.0,1800.0,44.0,87,110
B58,0.75,SI75,SK 1SI75 - 56C - 80S/4,114,353,6.6,15.0,15.0,,1800.0,1800.0,44.0,87,110
B58,0.75,SI75,SK 1SI75 - 56C - 80S/4,137,277,6.9,12.5,12.5,,1800.0,1800.0,44.0,87,110
B58,0.75,SI75,SK 1SI75 - 56C - 80S/4,171,249,8.1,10.0,10.0,,1800.0,1800.0,44.0,87,110
B58,0.75,SI75,SK 1SI75 - 56C - 80S/4,228,189,11.0,7.5,7.5,,1800.0,1800.0,44.0,87,110
B58,0.75,SI75,SK 1SI75 - 56C - 80S/4,342,129,13.5,5.0,5.0,,1800.0,1800.0,44.0,87,110
B58,1.0,SI40,SK 1SI40 - 56C - 80LP/4,110,438,1.0,15.0,15.0,,720.0,405.0,,,
B58,1.0,SI40,SK 1SI40 - 140TC - 80LP/4,117,412,1.1,15.0,15.0,,720.0,405.0,,,
B58,1.0,SI40,SK 1SI40 - 56C - 80LP/4,132,384,0.9,12.5,12.5,,720.0,407.0,,,
B58,1.0,SI40,SK 1SI40 - 140TC - 80LP/4,140,362,1.0,12.5,12.5,,720.0,407.0,,,
B58,1.0,SI40,SK 1SI40 - 56C - 80LP/4,165,319,1.2,10.0,10.0,,713.0,410.0,,,
B58,1.0,SI40,SK 1SI40 - 140TC - 80LP/4,175,301,1.2,10.0,10.0,,713.0,410.0,,,
B58,1.0,SI40,SK 1SI40 - 56C - 80LH/4,220,245,1.6,7.5,7.5,,655.0,412.0,,,
B58,1.0,SI40,SK 1SI40 - 140TC - 80LP/4,233,231,1.7,7.5,7.5,,655.0,412.0,,,
B58,1.0,SI40,SK 1SI40 - 56C - 80L/4,330,171,2.0,5.0,5.0,,576.0,414.0,25.0,81,98
B58,1.0,SI40,SK 1SI40 - 140TC - 80LH/4,350,161,2.1,5.0,5.0,,576.0,414.0,25.0,81,98
B58,1.0,SI50,SK 1SI50 - 56C - 80LP/4,41,953,0.8,40.0,40.0,,1080.0,828.0,,,
B58,1.0,SI50,SK 1SI50 - 140TC - 80LP/4,44,888,0.8,40.0,40.0,,1080.0,828.0,,,
B58,1.0,SI50,SK 1SI50 - 56C - 80LP/4,55,761,1.0,30.0,30.0,,1080.0,833.0,,,
B58,1.0,SI50,SK 1SI50 - 140TC - 80LP/4,58,722,1.1,30.0,30.0,,1080.0,833.0,,,
B58,1.0,SI50,SK 1SI50 - 56C - 80LP/4,66,711,0.9,25.0,25.0,,1080.0,835.0,,,
B58,1.0,SI50,SK 1SI50 - 140TC - 80LP/4,70,670,1.0,25.0,25.0,,1080.0,835.0,,,
B58,1.0,SI50,SK 1SI50 - 56C - 80LP/4,83,592,1.2,20.0,20.0,,1080.0,837.0,,,
B58,1.0,SI50,SK 1SI50 - 140TC - 80LP/4,88,555,1.3,20.0,20.0,,1080.0,837.0,,,
B58,1.0,SI50,SK 1SI50 - 56C - 80LP/4,110,461,1.7,15.0,15.0,,1080.0,839.0,,,
B58,1.0,SI50,SK 1SI50 - 140TC - 80LP/4,117,433,1.8,15.0,15.0,,1080.0,839.0,,,
B58,1.0,SI50,SK 1SI50 - 56C - 80LP/4,132,384,1.7,12.5,12.5,,1080.0,839.0,,,
B58,1.0,SI50,SK 1SI50 - 140TC - 80LP/4,140,362,1.8,12.5,12.5,,1080.0,839.0,,,
B58,1.0,SI50,SK 1SI50 - 56C - 80LP/4,165,330,2.0,10.0,10.0,,1080.0,842.0,,,
B58,1.0,SI50,SK 1SI50 - 140TC - 80LP/4,175,311,2.1,10.0,10.0,,1080.0,842.0,,,
B58,1.0,SI50,SK 1SI50 - 56C - 80LH/4,220,254,2.7,7.5,7.5,,1080.0,842.0,,,
B58,1.0,SI50,SK 1SI50 - 140TC - 80LP/4,233,240,2.9,7.5,7.5,,1080.0,842.0,,,
B58,1.0,SI50,SK 1SI50 - 56C - 80L/4,330,175,3.3,5.0,5.0,,1080.0,819.0,29.0,83,102
B58,1.0,SI50,SK 1SI50 - 140TC - 80LH/4,350,165,3.5,5.0,5.0,,1080.0,819.0,29.0,83,102
B59,1.0,SI63,SK 1SI63 - 56C - 80LP/4,28,1360,0.8,60.0,60.0,,1418.0,749.0,,,
B59,1.0,SI63,SK 1SI63 - 140TC - 80LP/4,29,1290,0.9,60.0,60.0,,1418.0,749.0,,,
B59,1.0,SI63,SK 1SI63 - 56C - 80LP/4,33,1191,1.0,50.0,50.0,,1418.0,756.0,,,
B59,1.0,SI63,SK 1SI63 - 140TC - 80LP/4,35,1123,1.1,50.0,50.0,,1418.0,756.0,,,
B59,1.0,SI63,SK 1SI63 - 56C - 80LP/4,41,1014,1.3,40.0,40.0,,1418.0,763.0,,,
B59,1.0,SI63,SK 1SI63 - 140TC - 80LP/4,44,951,1.4,40.0,40.0,,1418.0,763.0,,,
B59,1.0,SI63,SK 1SI63 - 56C - 80LP/4,55,807,1.8,30.0,30.0,,1418.0,770.0,,,
B59,1.0,SI63,SK 1SI63 - 140TC - 80LP/4,58,765,1.9,30.0,30.0,,1418.0,770.0,,,
B59,1.0,SI63,SK 1SI63 - 56C - 80LP/4,66,740,1.6,25.0,25.0,,1418.0,770.0,,,
B59,1.0,SI63,SK 1SI63 - 140TC - 80LP/4,70,698,1.7,25.0,25.0,,1418.0,770.0,,,
B59,1.0,SI63,SK 1SI63 - 56C - 80LP/4,83,615,2.1,20.0,20.0,,1418.0,774.0,,,
B59,1.0,SI63,SK 1SI63 - 140TC - 80LP/4,88,577,2.2,20.0,20.0,,1418.0,774.0,,,
B59,1.0,SI63,SK 1SI63 - 56C - 80LP/4,110,478,2.9,15.0,15.0,,1418.0,776.0,,,
B59,1.0,SI63,SK 1SI63 - 140TC - 80LP/4,117,449,3.1,15.0,15.0,,1418.0,776.0,,,
B59,1.0,SI63,SK 1SI63 - 56C - 80LP/4,132,384,3.0,12.5,12.5,,1418.0,776.0,,,
B59,1.0,SI63,SK 1SI63 - 140TC - 80LP/4,140,362,3.2,12.5,12.5,,1418.0,776.0,,,
B59,1.0,SI63,SK 1SI63 - 56C - 80LP/4,165,338,3.5,10.0,10.0,,1418.0,779.0,,,
B59,1.0,SI63,SK 1SI63 - 140TC - 80LP/4,175,319,3.7,10.0,10.0,,1418.0,779.0,,,
B59,1.0,SI63,SK 1SI63 - 56C - 80LH/4,220,259,4.6,7.5,7.5,,1418.0,779.0,,,
B59,1.0,SI63,SK 1SI63 - 140TC - 80LP/4,233,245,5.0,7.5,7.5,,1418.0,779.0,,,
B59,1.0,SI63,SK 1SI63 - 56C - 80L/4,330,177,4.6,5.0,5.0,,1418.0,779.0,37.0,85,106
B59,1.0,SI63,SK 1SI63 - 140TC - 80LH/4,350,167,6.3,5.0,5.0,,1418.0,779.0,37.0,85,106
B60,1.0,SI75,SK 1SI75/40 - 56C - 80LH/4,7,3803,0.8,225.0,30.0,7.5,1800.0,1800.0,,,
B60,1.0,SI75,SK 1SI75/40 - 140TC - 80LP/4,8,3486,0.9,225.0,30.0,7.5,1800.0,1800.0,,,
B60,1.0,SI75,SK 1SI75/40 - 56C - 80L/4,11,2766,1.0,150.0,30.0,5.0,1800.0,1800.0,52.0,87,116
B60,1.0,SI75,SK 1SI75/40 - 140TC - 80LH/4,12,2536,1.1,150.0,30.0,5.0,1800.0,1800.0,52.0,87,116
B59,1.0,SI75,SK 1SI75 - 56C - 80LP/4,17,2075,0.8,100.0,100.0,,1800.0,1800.0,,,
B59,1.0,SI75,SK 1SI75 - 140TC - 80LP/4,18,1902,0.9,100.0,100.0,,1800.0,1800.0,,,
B59,1.0,SI75,SK 1SI75 - 56C - 80LP/4,21,1813,1.0,80.0,80.0,,1800.0,1800.0,,,
B59,1.0,SI75,SK 1SI75 - 140TC - 80LP/4,22,1700,1.0,80.0,80.0,,1800.0,1800.0,,,
B59,1.0,SI75,SK 1SI75 - 56C - 80LP/4,28,1475,1.3,60.0,60.0,,1800.0,1800.0,,,
B59,1.0,SI75,SK 1SI75 - 140TC - 80LP/4,29,1399,1.4,60.0,60.0,,1800.0,1800.0,,,
B59,1.0,SI75,SK 1SI75 - 56C - 80LP/4,33,1287,1.6,50.0,50.0,,1800.0,1800.0,,,
B59,1.0,SI75,SK 1SI75 - 140TC - 80LP/4,35,1214,1.7,50.0,50.0,,1800.0,1800.0,,,
B59,1.0,SI75,SK 1SI75 - 56C - 80LP/4,41,1076,2.1,40.0,40.0,,1800.0,1800.0,,,
B59,1.0,SI75,SK 1SI75 - 140TC - 80LP/4,44,1009,2.2,40.0,40.0,,1800.0,1800.0,,,
B59,1.0,SI75,SK 1SI75 - 56C - 80LP/4,55,807,2.4,30.0,30.0,,1800.0,1800.0,,,
B59,1.0,SI75,SK 1SI75 - 140TC - 80LP/4,58,765,2.5,30.0,30.0,,1800.0,1800.0,,,
B59,1.0,SI75,SK 1SI75 - 56C - 80LP/4,66,778,2.6,25.0,25.0,,1800.0,1800.0,,,
B59,1.0,SI75,SK 1SI75 - 140TC - 80LP/4,70,734,2.8,25.0,25.0,,1800.0,1800.0,,,
B59,1.0,SI75,SK 1SI75 - 56C - 80LP/4,83,638,3.4,20.0,20.0,,1800.0,1800.0,,,
B59,1.0,SI75,SK 1SI75 - 140TC - 80LP/4,88,598,3.6,20.0,20.0,,1800.0,1800.0,,,
B59,1.0,SI75,SK 1SI75 - 56C - 80LP/4,110,490,4.8,15.0,15.0,,1800.0,1800.0,,,
B59,1.0,SI75,SK 1SI75 - 140TC - 80LP/4,117,461,5.0,15.0,15.0,,1800.0,1800.0,,,
B59,1.0,SI75,SK 1SI75 - 56C - 80LP/4,132,384,5.0,12.5,12.5,,1800.0,1800.0,,,
B59,1.0,SI75,SK 1SI75 - 140TC - 80LP/4,140,362,5.3,12.5,12.5,,1800.0,1800.0,,,
B59,1.0,SI75,SK 1SI75 - 56C - 80LP/4,165,346,5.8,10.0,10.0,,1800.0,1800.0,,,
B59,1.0,SI75,SK 1SI75 - 140TC - 80LP/4,175,326,6.1,10.0,10.0,,1800.0,1800.0,,,
B59,1.0,SI75,SK 1SI75 - 56C - 80LH/4,220,262,7.9,7.5,7.5,,1800.0,1800.0,,,
B59,1.0,SI75,SK 1SI75 - 140TC - 80LP/4,233,247,8.3,7.5,7.5,,1800.0,1800.0,,,
B59,1.0,SI75,SK 1SI75 - 56C - 80L/4,330,179,9.7,5.0,5.0,,1800.0,1800.0,46.0,87,110
B59,1.0,SI75,SK 1SI75 - 140TC - 80LH/4,350,169,10.2,5.0,5.0,,1800.0,1800.0,46.0,87,110
B60,1.5,SI40,SK 1SI40 - 140TC - 90SP/4,174,451,0.8,10.0,10.0,,677.0,403.0,,,
B60,1.5,SI40,SK 1SI40 - 140TC - 90SP/4,232,347,1.1,7.5,7.5,,628.0,410.0,,,
B60,1.5,SI40,SK 1SI40 - 140TC - 90SH/4,348,242,1.4,5.0,5.0,,554.0,403.0,32.0,81,98
B60,1.5,SI50,SK 1SI50 - 140TC - 90SP/4,87,838,0.9,20.0,20.0,,1080.0,830.0,,,
B60,1.5,SI50,SK 1SI50 - 140TC - 90SP/4,116,655,1.2,15.0,15.0,,1080.0,835.0,,,
B60,1.5,SI50,SK 1SI50 - 140TC - 90SP/4,139,545,1.2,12.5,12.5,,1080.0,837.0,,,
B60,1.5,SI50,SK 1SI50 - 140TC - 90SP/4,174,468,1.4,10.0,10.0,,1080.0,839.0,,,
B60,1.5,SI50,SK 1SI50 - 140TC - 90SP/4,232,359,1.9,7.5,7.5,,1080.0,842.0,,,
B60,1.5,SI50,SK 1SI50 - 140TC - 90SH/4,348,247,2.4,5.0,5.0,,1078.0,803.0,36.0,83,102
B60,1.5,SI63,SK 1SI63 - 140TC - 90SP/4,44,1437,0.9,40.0,40.0,,1418.0,743.0,,,
B60,1.5,SI63,SK 1SI63 - 140TC - 90SP/4,58,1143,1.2,30.0,30.0,,1418.0,756.0,,,
B60,1.5,SI63,SK 1SI63 - 140TC - 90SP/4,70,1042,1.1,25.0,25.0,,1418.0,761.0,,,
B60,1.5,SI63,SK 1SI63 - 140TC - 90SP/4,87,870,1.5,20.0,20.0,,1418.0,765.0,,,
B60,1.5,SI63,SK 1SI63 - 140TC - 90SP/4,116,677,2.0,15.0,15.0,,1418.0,772.0,,,
B60,1.5,SI63,SK 1SI63 - 140TC - 90SP/4,139,545,2.1,12.5,12.5,,1418.0,774.0,,,
B60,1.5,SI63,SK 1SI63 - 140TC - 90SP/4,174,479,2.5,10.0,10.0,,1418.0,776.0,,,
B60,1.5,SI63,SK 1SI63 - 140TC - 90SP/4,232,354,3.5,7.5,7.5,,1418.0,776.0,,,
B60,1.5,SI63,SK 1SI63 - 140TC - 90SH/4,348,250,4.2,5.0,5.0,,1418.0,779.0,43.0,85,106
B60,1.5,SI75,SK 1SI75 - 140TC - 90SP/4,29,2089,0.9,60.0,60.0,,1800.0,1800.0,,,
B60,1.5,SI75,SK 1SI75 - 140TC - 90SP/4,35,1812,1.1,50.0,50.0,,1800.0,1800.0,,,
B60,1.5,SI75,SK 1SI75 - 140TC - 90SP/4,44,1506,1.5,40.0,40.0,,1800.0,1800.0,,,
B60,1.5,SI75,SK 1SI75 - 140TC - 90SP/4,58,1143,1.7,30.0,30.0,,1800.0,1800.0,,,
B60,1.5,SI75,SK 1SI75 - 140TC - 90SP/4,70,1096,1.8,25.0,25.0,,1800.0,1800.0,,,
B60,1.5,SI75,SK 1SI75 - 140TC - 90SP/4,87,904,2.4,20.0,20.0,,1800.0,1800.0,,,
B60,1.5,SI75,SK 1SI75 - 140TC - 90SP/4,116,694,3.3,15.0,15.0,,1800.0,1800.0,,,
B60,1.5,SI75,SK 1SI75 - 140TC - 90SP/4,139,545,3.5,12.5,12.5,,1800.0,1800.0,,,
B60,1.5,SI75,SK 1SI75 - 140TC - 90SP/4,174,489,4.1,10.0,10.0,,1800.0,1800.0,,,
B60,1.5,SI75,SK 1SI75 - 140TC - 90SP/4,232,371,5.5,7.5,7.5,,1800.0,1800.0,,,
B60,1.5,SI75,SK 1SI75 - 140TC - 90SH/4,348,253,6.8,5.0,5.0,,1800.0,1800.0,53.0,87,110
B60,2.0,SI50,SK 1SI50 - 140TC - 90LP/4,116,871,0.9,15.0,15.0,,1080.0,828.0,,,
B60,2.0,SI50,SK 1SI50 - 140TC - 90LP/4,140,721,0.9,12.5,12.5,,1080.0,833.0,,,
B60,2.0,SI50,SK 1SI50 - 140TC - 90LP/4,175,619,1.1,10.0,10.0,,1080.0,835.0,,,
B60,2.0,SI50,SK 1SI50 - 140TC - 90LP/4,233,475,1.5,7.5,7.5,,1080.0,839.0,,,
B60,2.0,SI50,SK 1SI50 - 140TC - 90LH/4,349,328,1.8,5.0,5.0,,1060.0,792.0,40.0,83,102
B61,2.0,SI63,SK 1SI63 - 140TC - 90LP/4,58,1520,0.9,30.0,30.0,,1418.0,738.0,,,
B61,2.0,SI63,SK 1SI63 - 140TC - 90LP/4,70,1385,0.9,25.0,25.0,,1418.0,745.0,,,
B61,2.0,SI63,SK 1SI63 - 140TC - 90LP/4,87,1158,1.1,20.0,20.0,,1418.0,756.0,,,
B61,2.0,SI63,SK 1SI63 - 140TC - 90LP/4,116,901,1.5,15.0,15.0,,1418.0,765.0,,,
B61,2.0,SI63,SK 1SI63 - 140TC - 90LP/4,140,720,1.6,12.5,12.5,,1418.0,770.0,,,
B61,2.0,SI63,SK 1SI63 - 140TC - 90LP/4,175,634,1.9,10.0,10.0,,1418.0,772.0,,,
B61,2.0,SI63,SK 1SI63 - 140TC - 90LP/4,233,486,2.5,7.5,7.5,,1418.0,776.0,,,
B61,2.0,SI63,SK 1SI63 - 140TC - 90LH/4,349,332,3.1,5.0,5.0,,1418.0,779.0,48.0,85,106
B61,2.0,SI75,SK 1SI75 - 140TC - 90LP/4,35,2410,0.8,50.0,50.0,,1800.0,1800.0,,,
B61,2.0,SI75,SK 1SI75 - 140TC - 90LP/4,44,2003,1.1,40.0,40.0,,1800.0,1800.0,,,
B61,2.0,SI75,SK 1SI75 - 140TC - 90LP/4,58,1520,1.3,30.0,30.0,,1800.0,1800.0,,,
B61,2.0,SI75,SK 1SI75 - 140TC - 90LP/4,70,1448,1.4,25.0,25.0,,1800.0,1800.0,,,
B61,2.0,SI75,SK 1SI75 - 140TC - 90LP/4,87,1201,1.8,20.0,20.0,,1800.0,1800.0,,,
B61,2.0,SI75,SK 1SI75 - 140TC - 90LP/4,116,923,2.5,15.0,15.0,,1800.0,1800.0,,,
B61,2.0,SI75,SK 1SI75 - 140TC - 90LP/4,140,720,2.7,12.5,12.5,,1800.0,1800.0,,,
B61,2.0,SI75,SK 1SI75 - 140TC - 90LP/4,175,648,3.1,10.0,10.0,,1800.0,1800.0,,,
B61,2.0,SI75,SK 1SI75 - 140TC - 90LP/4,233,492,4.2,7.5,7.5,,1800.0,1800.0,,,
B61,2.0,SI75,SK 1SI75 - 140TC - 90LH/4,349,336,5.1,5.0,5.0,,1800.0,1800.0,57.0,87,110
B61,3.0,SI75,SK 1SI75 - 180TC - 100LP/4,59,2244,0.9,30.0,30.0,,1800.0,1800.0,,,
B61,3.0,SI75,SK 1SI75 - 180TC - 100LP/4,71,2160,0.9,25.0,25.0,,1800.0,1800.0,,,
B61,3.0,SI75,SK 1SI75 - 180TC - 100LP/4,88,1785,1.2,20.0,20.0,,1800.0,1800.0,,,
B61,3.0,SI75,SK 1SI75 - 180TC - 100LP/4,118,1364,1.7,15.0,15.0,,1800.0,1800.0,,,
B61,3.0,SI75,SK 1SI75 - 180TC - 100LP/4,141,1074,1.8,12.5,12.5,,1800.0,1800.0,,,
B61,3.0,SI75,SK 1SI75 - 180TC - 100LP/4,177,962,2.1,10.0,10.0,,1800.0,1800.0,,,
B61,3.0,SI75,SK 1SI75 - 180TC - 100LP/4,235,733,2.8,7.5,7.5,,1800.0,1800.0,,,
B61,3.0,SI75,SK 1SI75 - 180TC - 100LH/4,353,499,3.4,5.0,5.0,,1800.0,1773.0,66.0,87,110
B61,5.0,SI75,SK 1SI75 - 180TC - 112MP/4,118,2270,1.0,15.0,15.0,,1800.0,1800.0,,,
B61,5.0,SI75,SK 1SI75 - 180TC - 112MP/4,142,1777,1.1,12.5,12.5,,1800.0,1800.0,,,
B61,5.0,SI75,SK 1SI75 - 180TC - 112MP/4,177,1603,1.2,10.0,10.0,,1800.0,1800.0,,,
B61,5.0,SI75,SK 1SI75 - 180TC - 112MP/4,236,1215,1.7,7.5,7.5,,1800.0,1800.0,,,
B61,5.0,SI75,SK 1SI75 - 180TC - 112MH/4,354,828,2.1,5.0,5.0,,1800.0,1730.0,73.0,87,110
